<?xml version="1.0" encoding="UTF-8"?>
<addon
    id="repository.kirill.vercetti"
    name="Kirill Vercetti Kodi repository"
    version="1.0.0"
    provider-name="Kirill Vercetti"
>
  <requires>

  </requires>
  <extension point="xbmc.addon.repository" name="Kirill Vercetti Kodi repository">
    <dir>
      <info compressed="false">https://kyzima-spb.github.io/kodi.repository/addons.xml</info>
      <checksum>https://kyzima-spb.github.io/kodi.repository/addons.xml.md5</checksum>
      <datadir zip="true">https://kyzima-spb.github.io/kodi.repository/</datadir>
    </dir>
  </extension>
  <extension point="xbmc.addon.metadata">
    <email>office@kyzima-spb.com</email>
    <source>https://github.com/kyzima-spb/kodi.repository</source>
    <licence>MIT</licence>
    <language>ru</language>
    <summary lang="en_GB">Kirill Vercetti Kodi repository</summary>
    <description lang="en_GB">Kodi repository with my addons for services that interest me.</description>
    <summary lang="ru_RU">Репозиторий Kodi от Кирилла Версетти</summary>
    <description lang="ru_RU">Репозиторий Kodi с моими дополнениями для интересных мне сервисов.</description>
    <assets>
      <icon>resources/icon.png</icon>
      <fanart>resources/fanart.png</fanart>
    </assets>
  </extension>
</addon>